{
  "total_states": 5,
  "successful_states": 5,
  "model_performance": {
    "avg_rmse": 0.1351125229092385,
    "avg_mae": 0.08200110639594976,
    "avg_mape": 61191923.76729554,
    "std_rmse": 0.006601633928651707,
    "min_rmse": 0.1275131893742443,
    "max_rmse": 0.1431791076260437
  },
  "best_models_count": {
    "LSTM": 5
  }
}