{
  "total_states": 43,
  "successful_states": 43,
  "model_performance": {
    "avg_rmse": 5586117.4002335835,
    "avg_mae": 3720958.068012751,
    "avg_mape": 1.6756698522710736,
    "std_rmse": 6041384.497103154,
    "min_rmse": 339622.1200583047,
    "max_rmse": 31200803.07802452
  },
  "best_models_count": {
    "LSTM": 32,
    "XGBoost": 11
  }
}